{"cameraMode":{"drawMode":0,"name":"Shaded","section":"Shading Mode"},"sceneLighting":false,"audioPlay":false,"sceneViewState":{"showFog":true,"showMaterialUpdate":false,"showSkybox":true,"showFlares":true,"showImageEffects":true,"showParticleSystems":true},"in2DMode":false,"pivot":{"x":0.13435110449790955,"y":-0.18159031867980958,"z":0.018048200756311418},"rotation":{"x":0.44803792238235476,"y":0.5376546382904053,"z":-0.4137081503868103,"w":0.582267165184021},"size":0.30823516845703127,"orthographic":false}