{"cameraMode":{"drawMode":0,"name":"Shaded","section":"Shading Mode"},"sceneLighting":false,"audioPlay":false,"sceneViewState":{"showFog":true,"showMaterialUpdate":false,"showSkybox":true,"showFlares":true,"showImageEffects":true,"showParticleSystems":true},"in2DMode":false,"pivot":{"x":23.723644256591798,"y":12.268867492675782,"z":42.21281051635742},"rotation":{"x":-0.20822973549365998,"y":-0.35354164242744448,"z":0.08104482293128967,"w":-0.9083393812179565},"size":56.69866943359375,"orthographic":false}