{"cameraMode":{"drawMode":0,"name":"Shaded","section":"Shading Mode"},"sceneLighting":true,"audioPlay":false,"sceneViewState":{"showFog":true,"showMaterialUpdate":false,"showSkybox":true,"showFlares":true,"showImageEffects":true,"showParticleSystems":true},"in2DMode":false,"pivot":{"x":64.97216796875,"y":-47.21756362915039,"z":-0.6272211670875549},"rotation":{"x":-0.18938526511192323,"y":-0.7832887768745422,"z":0.2856665253639221,"w":-0.5187674164772034},"size":108.03589630126953,"orthographic":false}