{"cameraMode":{"drawMode":0,"name":"Shaded","section":"Shading Mode"},"sceneLighting":false,"audioPlay":false,"sceneViewState":{"showFog":true,"showMaterialUpdate":false,"showSkybox":true,"showFlares":true,"showImageEffects":true,"showParticleSystems":true},"in2DMode":false,"pivot":{"x":1.0900001525878907,"y":5.614010810852051,"z":28.18471908569336},"rotation":{"x":0.07220090925693512,"y":-0.7553271651268005,"z":0.0844407007098198,"w":0.6458619832992554},"size":4.041658401489258,"orthographic":false}