{"cameraMode":{"drawMode":0,"name":"Shaded","section":"Shading Mode"},"sceneLighting":false,"audioPlay":false,"sceneViewState":{"showFog":true,"showMaterialUpdate":false,"showSkybox":true,"showFlares":true,"showImageEffects":true,"showParticleSystems":true},"in2DMode":false,"pivot":{"x":1.8112568855285645,"y":9.20986557006836,"z":6.169671058654785},"rotation":{"x":0.07573709636926651,"y":0.6675501465797424,"z":-0.06854819506406784,"w":0.737524151802063},"size":38.2630615234375,"orthographic":false}